{
    "display": {
        "icon": {
            "item": "minecraft:bamboo"
        },
        "title": {
            "text": "Item Averages",
            "color": "white",
            "bold": false,
            "italic": false
        },
        "description": {
            "text": "Adds a marker that tracks items flowing passed it for the specified amount of time (Default: 2mins) and then calculates how many items will run through per hour.",
            "color": "green",
            "bold": false,
            "italic": true
        },
        "show_toast": false,
        "announce_to_chat": false,
        "frame": "goal"
    },
    "parent": "main:main/root",
    "criteria": {
        "tick": {
            "trigger": "minecraft:tick"
        }
    }
}